{"cameraMode":{"drawMode":0,"name":"Shaded","section":"Shading Mode"},"sceneLighting":true,"audioPlay":false,"sceneViewState":{"showFog":true,"showMaterialUpdate":false,"showSkybox":true,"showFlares":true,"showImageEffects":true,"showParticleSystems":true},"in2DMode":false,"pivot":{"x":223.83602905273438,"y":262.7149353027344,"z":-231.58474731445313},"rotation":{"x":0.031185194849967958,"y":-0.0009024097234942019,"z":-0.000028016609576297924,"w":-0.9995132088661194},"size":536.1884155273438,"orthographic":true}