{"cameraMode":{"drawMode":0,"name":"Shaded","section":"Shading Mode"},"sceneLighting":true,"audioPlay":false,"sceneViewState":{"showFog":true,"showMaterialUpdate":false,"showSkybox":true,"showFlares":true,"showImageEffects":true,"showParticleSystems":true},"in2DMode":false,"pivot":{"x":-0.5319376587867737,"y":894.8279418945313,"z":120.59542083740235},"rotation":{"x":-0.043795399367809299,"y":-0.002400630619376898,"z":0.00010530190775170922,"w":-0.9990376234054565},"size":824.502197265625,"orthographic":true}